{"rmse GRU":{"0":37.4219738644,"1":34.7920517107,"2":37.4392204763,"3":36.0629995687,"4":37.7622171927,"5":35.391039785,"6":35.9037592863,"7":34.8885792266,"8":34.9300041543,"9":36.0561949558},"rmse LSTM":{"0":36.2340985171,"1":37.1907669767,"2":37.1802001261,"3":38.786592751,"4":35.8393395912,"5":38.7189509982,"6":38.0650886663,"7":39.5061263132,"8":36.9469571159,"9":37.2953576184}}